{"accounts":[{"password":"22","bio":"22","events":[],"username":"22","isRemembered":"true"},{"password":"janggo","bio":"i am a dog who loves to code!","events":[{"title":"2ndevent"},{"title":"TETEETETET"}],"username":"I am m77659","isRemembered":"false"},{"password":"Gwapo123","bio":"I am achup","events":[],"username":"AntonDaryl"},{"password":"asd","bio":"arfarf","username":"JanggoDaDog"},{"password":"user","bio":"I am achup","events":[],"username":"user1"},{"password":"imnotafraidwithcats","bio":"arfarf","username":"Dogzrule"},{"password":"HAHA","bio":"asdasd","events":[{"title":"MineCon2025"},{"title":"May Laban Kaba?"},{"title":"Mundo'y Magiging Ikaw"},{"title":"Manny Pacquiao"},{"title":"Mother's Best 2025"},{"title":"MMM|The Event"},{"title":"MAKE SURE HA!"}],"username":"JohnWeak35"},{"password":"bruh","bio":"asdasdasdasdasdasd","username":"NoWhitespacesAllowed"}]}