{"events":[{"date":"2025-04-22","lateMinutes":null,"dynamicCode":"false","code":"zDx5YT","subtitle":"","startTime":"09:18 PM","endTime":"11:59 PM","title":"2ndevent","created by":"I am m77659","attendance":[],"desc":""},{"date":"2025-04-23","lateMinutes":null,"dynamicCode":"false","code":null,"subtitle":"","startTime":"11:30 AM","endTime":"04:00 PM","title":"TETEETETET","created by":"I am m77659","desc":""},{"date":"2025-04-30","lateMinutes":null,"dynamicCode":"false","code":"x0gurc43","subtitle":"Minecraft","startTime":"07:30 AM","endTime":"10:00 PM","title":"MineCon2025","created by":"JohnWeak35","desc":"The biggest maykanp ever"},{"date":"2028-08-12","lateMinutes":null,"dynamicCode":"false","code":"7Un8dnVV","subtitle":"Watdahek","startTime":"03:30 AM","endTime":"11:30 PM","title":"May Laban Kaba?","created by":"JohnWeak35","desc":"asdasdasdasd"},{"date":"2025-04-30","lateMinutes":null,"dynamicCode":"false","code":null,"subtitle":"REALLY?","startTime":"03:00 AM","endTime":"04:30 PM","title":"Mundo'y Magiging Ikaw","created by":"JohnWeak35","desc":"WHAHWAHWHAWHWA"},{"date":"2025-07-03","lateMinutes":null,"dynamicCode":"false","code":null,"subtitle":"awwaawwa","startTime":"02:00 AM","endTime":"10:30 AM","title":"Manny Pacquiao","created by":"JohnWeak35","desc":""},{"date":"2025-04-30","lateMinutes":null,"dynamicCode":"false","code":null,"subtitle":"","startTime":"12:30 AM","endTime":"12:30 PM","title":"Mother's Best 2025","created by":"JohnWeak35","desc":"MAMAMAMAMA"},{"date":"2025-04-24","lateMinutes":null,"dynamicCode":"false","code":null,"subtitle":"","startTime":"07:35 PM","endTime":"11:30 PM","title":"MMM|The Event","created by":"JohnWeak35","desc":""},{"date":"2025-04-24","lateMinutes":null,"dynamicCode":"false","code":null,"subtitle":"","startTime":"07:36 PM","endTime":"11:30 PM","title":"MAKE SURE HA!","created by":"JohnWeak35","desc":""}]}