{"events":[{"date":"2025-04-22","lateMinutes":null,"dynamicCode":"false","code":"zDx5YT","subtitle":"","startTime":"09:18 PM","endTime":"11:59 PM","title":"2ndevent","created by":"I am m77659","attendance":[],"desc":""},{"date":"2025-04-23","lateMinutes":null,"dynamicCode":"false","code":null,"subtitle":"","startTime":"11:30 AM","endTime":"04:00 PM","title":"TETEETETET","created by":"I am m77659","desc":""},{"date":"2025-04-23","lateMinutes":null,"dynamicCode":"false","code":"CLoy2s3c","subtitle":"Fix Minecraft Now","startTime":"08:55 AM","endTime":"12:00 PM","title":"How to fix minecraft","created by":"user1","attendance":[{"time out":"","time in ":"08:56 AM","username":"I am m77659"}],"desc":"In this event, we will teach you how to fix bugs on minecraft. Please stay in this event because it is much needed in your full chan2 server membership."}]}