{
    "events": [{
            "date": "2025-04-22",
            "lateMinutes": null,
            "dynamicCode": "false",
            "code": "zDx5YT",
            "subtitle": "",
            "startTime": "09:18 PM",
            "endTime": "11:59 PM",
            "title": "2ndevent",
            "created by": "I am m77659",
            "attendance": [],
            "desc": ""
        }, {
            "date": "2025-04-23",
            "lateMinutes": null,
            "dynamicCode": "false",
            "code": null,
            "subtitle": "",
            "startTime": "11:30 AM",
            "endTime": "04:00 PM",
            "title": "TETEETETET",
            "created by": "I am m77659",
            "desc": ""
        }]
}