{"events":[{"date":"2025-04-20","lateMinutes":null,"dynamicCode":"false","code":null,"subtitle":"asasads","startTime":"02:30","endTime":"00:00","title":"LateNA","created by":"AntonDaryl","desc":"Dont be late!"},{"date":"2025-04-30","lateMinutes":4,"dynamicCode":"false","code":null,"subtitle":"","startTime":"01:00","endTime":"01:00","title":"LATE","created by":"AntonDaryl","desc":""},{"date":"2025-04-20","lateMinutes":6,"dynamicCode":"false","code":null,"subtitle":"","startTime":"23:53","endTime":"23:58","title":"1153","created by":"AntonDaryl","attendance":[{"time out":"12:19 AM","time in ":"11:53 PM","username":"I am m77659","status":"On Time"}],"desc":""}]}