<?xml version="1.0" encoding="UTF-8"?>
<project-private xmlns="http://www.netbeans.org/ns/project-private/1">
    <editor-bookmarks xmlns="http://www.netbeans.org/ns/editor-bookmarks/2" lastBookmarkId="0"/>
    <open-files xmlns="http://www.netbeans.org/ns/projectui-open-files/2">
        <group>
            <file>file:/C:/Users/WIFI%20SERVER/Documents/NetBeansProjects/DesignFinal/DesignFinal/DesignFinal/src/designfinale/remembered.json</file>
            <file>file:/C:/Users/WIFI%20SERVER/Documents/NetBeansProjects/DesignFinal/DesignFinal/DesignFinal/src/designfinale/Home.java</file>
            <file>file:/C:/Users/WIFI%20SERVER/Documents/NetBeansProjects/DesignFinal/DesignFinal/DesignFinal/src/designfinale/accounts.json</file>
            <file>file:/C:/Users/WIFI%20SERVER/Documents/NetBeansProjects/DesignFinal/DesignFinal/DesignFinal/src/designfinale/RoundedButton.java</file>
            <file>file:/C:/Users/WIFI%20SERVER/Documents/NetBeansProjects/DesignFinal/DesignFinal/DesignFinal/src/designfinale/EventDashboard.java</file>
            <file>file:/C:/Users/WIFI%20SERVER/Documents/NetBeansProjects/DesignFinal/DesignFinal/DesignFinal/src/designfinale/SIGNUPP1.java</file>
            <file>file:/C:/Users/WIFI%20SERVER/Documents/NetBeansProjects/DesignFinal/DesignFinal/DesignFinal/src/designfinale/ParticipantDashboard.java</file>
            <file>file:/C:/Users/WIFI%20SERVER/Documents/NetBeansProjects/DesignFinal/DesignFinal/DesignFinal/src/designfinale/log_in.java</file>
            <file>file:/C:/Users/WIFI%20SERVER/Documents/NetBeansProjects/DesignFinal/DesignFinal/DesignFinal/src/designfinale/Profile.java</file>
            <file>file:/C:/Users/WIFI%20SERVER/Documents/NetBeansProjects/DesignFinal/DesignFinal/DesignFinal/src/designfinale/CreateEvent.java</file>
            <file>file:/C:/Users/WIFI%20SERVER/Documents/NetBeansProjects/DesignFinal/DesignFinal/DesignFinal/src/designfinale/events.json</file>
        </group>
    </open-files>
</project-private>
