[{"date":"2025-04-18","code":"rGqH6as2","subtitle":"This is an event","time":"04:00","title":"JanggoTest1","created by":"I am m77659","attendance":[{"time in ":"09:16 PM","username":"I am m77659"}],"desc":"This is an event about janggo"},{"date":"2025-04-18","code":"xgeQySoA","subtitle":"asdasdasd","time":"03:00","title":"AntonPogi","created by":"I am m77659","desc":"asdasdagdzfgsdfgsf"},{"date":"2025-04-18","code":"EQSJhQED","subtitle":"Event ng mga pogi","time":"04:30","title":"AntonPogi123","created by":"I am m77659","attendance":[{"time in ":"11:14 PM","username":"AntonDaryl"},{"time in ":"11:16 PM","username":"JanggoDaDog"}],"desc":"Serious question doc, nagadrugs ka?"},{"date":"2025-04-19","code":"a6cIeCUs","subtitle":"Shutup","time":"00:00","title":"WhatThetest","created by":"I am m77659","desc":"Dapat mu gana ni para achup"},{"date":"2025-04-19","code":"kMHIcx2j","subtitle":"HAHAHAHA","time":"00:00","title":"TestAgain 2 :<","created by":"I am m77659","desc":"HAHAHAHHAHAHA"},{"date":"2025-04-19","code":"O0ekm9P1","subtitle":"HAHAHAH","time":"00:00","title":"WhatTheHeal?","created by":"I am m77659","attendance":[{"time out":"","time in ":"10:51 AM","username":"AntonDaryl"}],"desc":"HTIHIAHSHIASHOD"},{"date":"2025-04-19","code":"chnsQ12i","subtitle":"asdasd","time":"04:30","title":"Test333","created by":"I am m77659","attendance":[{"time out":"","time in ":"06:59 PM","username":"AntonDaryl"}],"desc":"MAMAMAMMA"},{"date":"2025-04-30","code":"Ven03DFC","subtitle":"WWW","time":"02:30","title":"NewEventTest","created by":"I am m77659","attendance":[{"time out":"","time in ":"07:06 PM","username":"AntonDaryl"},{"time out":"","time in ":"10:13 PM","username":"JanggoDaDog"},{"time out":"","time in ":"11:20 AM","username":"Dogzrule"}],"desc":"WWW"},{"date":"2025-04-19","code":"qVlErtOB","subtitle":"ASD","time":"00:30","title":"HUHUHU","created by":"AntonDaryl","desc":"Kapoy mag code"},{"date":"2025-04-12","code":"u7rBHoax","subtitle":"rafadfadf","time":"00:30","title":"yrrruryuy","created by":"AntonDaryl","desc":"Sfasfasfasfasf"},{"date":"2025-04-20","code":null,"subtitle":"A","time":"00:00","title":"NOCode","created by":"I am m77659","attendance":[{"time out":"","time in ":"10:37 AM","username":"AntonDaryl"}],"desc":"This event has no code."},{"date":"2025-04-20","code":"hKS54IWs","subtitle":"asdasd","time":"00:00","title":"Event4U3","created by":"I am m77659","attendance":[{"time out":"","time in ":"10:25 AM","username":"AntonDaryl"}],"desc":"asd"},{"date":"2025-04-20","dynamicCode":"true","code":"EIW7GAnz","subtitle":"haha","time":"04:00","title":"dycodetest2","created by":"I am m77659","desc":"testdycode"},{"date":"2025-04-20","dynamicCode":"true","code":"Q33WAL5P","subtitle":"asdasd","time":"00:00","title":"dycodetestdisabled","created by":"I am m77659","attendance":[{"time out":"","time in ":"06:07 PM","username":"user1"},{"time out":"","time in ":"06:14 PM","username":"AntonDaryl"},{"time out":"","time in ":"06:15 PM","username":"JanggoDaDog"}],"desc":"asdsadadas"},{"date":"2025-04-20","dynamicCode":"false","code":"IhpsCpeV","subtitle":"asd","time":"04:30","title":"dycodetestfalse2","created by":"I am m77659","desc":"asdasdasda"},{"date":"2025-04-20","dynamicCode":"false","code":"Q1m5sEWT","subtitle":"asdasd","time":"03:00","title":"ARGHJJJ","created by":"I am m77659","desc":"asdasd"},{"date":"2025-04-24","dynamicCode":"false","code":"l4ycUSH8","subtitle":"asdasd","time":"01:00","title":"asd","created by":"I am m77659","desc":""},{"date":"2025-04-20","dynamicCode":"false","code":"IHnvmUML","subtitle":"HUHUASD","time":"00:00","title":"newnewenwnew","created by":"I am m77659","desc":"asdasd"},{"date":"2025-04-30","dynamicCode":"false","code":"9obdzK6U","subtitle":"assasdsa","time":"04:30","title":"HAHAHA","created by":"I am m77659","desc":"asdsadad"},{"date":"2025-04-25","dynamicCode":"false","code":"bZgba8hh","subtitle":"asdas","time":"01:30","title":"BRUHTEST","created by":"I am m77659","desc":"WHATATATAT PATAY EXPIRE NA"}]