{
    "accounts": [{
            "password": "22",
            "bio": "22",
            "username": "22",
            "isRemembered": "false"
        }, {
            "password": "janggo",
            "bio": "i am a dog who loves to code!",
            "username": "I am m77659",
            "isRemembered": "true"
        }, {
            "password": "fighter",
            "bio": "i am a fighter!",
            "username": "Janggo123",
            "isRemembered": "true"
        }, {
            "password": "pass",
            "bio": "huhuhuhu",
            "username": "User1"
        }, {
            "password": "test",
            "bio": "test",
            "username": "User2"
        }, {
            "password": "tes1",
            "bio": "asdasd",
            "username": "User3"
        }, {
            "password": "uuu",
            "bio": "",
            "username": "weare"
        }]
}